order_id,product_id,buyer_id,supplier_id,order_dates,shipper_id
OR00001,PR00250,BU00099,SP00463,2023-05-10,SH00011
OR00002,PR00812,BU00364,SP00443,2023-02-28,SH00012
OR00003,PR00587,BU00469,SP00852,2023-01-25,SH00028
OR00004,PR00171,BU00774,SP00144,2023-05-18,SH00042
OR00005,PR00504,BU00234,SP00953,2023-01-29,SH00079
OR00006,PR00559,BU00043,SP00182,2023-10-20,SH00068
OR00007,PR00678,BU00082,SP00382,2023-12-18,SH00036
OR00008,PR00604,BU00854,SP00514,2023-09-17,SH00047
OR00009,PR00302,BU00127,SP00198,2023-09-13,SH00078
OR00010,PR00354,BU00043,SP00985,2023-04-05,SH00049
OR00011,PR00405,BU00938,SP00850,2023-08-13,SH00038
OR00012,PR00314,BU00361,SP00295,2023-06-19,SH00025
OR00013,PR00766,BU00457,SP00436,2023-06-11,SH00022
OR00014,PR00676,BU00823,SP00751,2023-04-15,SH00016
OR00015,PR00660,BU00246,SP00103,2023-06-21,SH00017
OR00016,PR00550,BU00115,SP00464,2023-04-27,SH00018
OR00017,PR00083,BU00321,SP00712,2023-09-19,SH00014
OR00018,PR00451,BU00801,SP00878,2023-09-14,SH00030
OR00019,PR00650,BU00416,SP00463,2023-05-12,SH00072
OR00020,PR00582,BU00967,SP00298,2023-07-04,SH00034
OR00021,PR00938,BU00452,SP00696,2023-02-22,SH00018
OR00022,PR00451,BU00696,SP00953,2023-08-01,SH00057
OR00023,PR00873,BU00317,SP00405,2023-12-04,SH00005
OR00024,PR00479,BU00953,SP00807,2023-05-21,SH00006
OR00025,PR00744,BU00943,SP00347,2023-10-26,SH00003
OR00026,PR00846,BU00131,SP00128,2023-07-07,SH00062
OR00027,PR00556,BU00107,SP00967,2023-07-31,SH00009
OR00028,PR00097,BU00529,SP00802,2023-05-10,SH00036
OR00029,PR00741,BU00063,SP00327,2023-08-17,SH00056
OR00030,PR00835,BU00172,SP00531,2023-02-18,SH00045
OR00031,PR00298,BU00162,SP00892,2023-11-22,SH00047
OR00032,PR00266,BU00824,SP00838,2023-01-14,SH00025
OR00033,PR00569,BU00157,SP00555,2023-04-04,SH00036
OR00034,PR00608,BU00395,SP00892,2023-11-22,SH00031
OR00035,PR00162,BU00116,SP00726,2023-02-03,SH00002
OR00036,PR00558,BU00552,SP00359,2023-07-04,SH00060
OR00037,PR00573,BU00428,SP00445,2023-06-22,SH00070
OR00038,PR00641,BU00690,SP00207,2023-10-17,SH00052
OR00039,PR00550,BU00531,SP00316,2023-05-04,SH00064
OR00040,PR00341,BU00103,SP00787,2023-08-07,SH00026
OR00041,PR00939,BU00839,SP00931,2023-08-01,SH00019
OR00042,PR00469,BU00474,SP00641,2023-07-30,SH00004
OR00043,PR00984,BU00265,SP00405,2024-01-04,SH00027
OR00044,PR00052,BU00556,SP00953,2023-10-31,SH00015
OR00045,PR00727,BU00290,SP00576,2023-09-21,SH00016
OR00046,PR00612,BU00201,SP00096,2023-11-10,SH00038
OR00047,PR00361,BU00166,SP00309,2023-05-02,SH00050
OR00048,PR00747,BU00848,SP00217,2023-06-07,SH00014
OR00049,PR00007,BU00680,SP00720,2023-01-23,SH00066
OR00050,PR00333,BU00053,SP00808,2023-06-12,SH00037
OR00051,PR00325,BU00320,SP00001,2023-08-16,SH00010
OR00052,PR00014,BU00074,SP00892,2023-06-14,SH00001
OR00053,PR00618,BU00474,SP00828,2023-06-26,SH00002
OR00054,PR00215,BU00470,SP00107,2023-02-28,SH00059
OR00055,PR00146,BU00740,SP00259,2023-09-04,SH00060
OR00056,PR00310,BU00974,SP00062,2023-03-15,SH00032
OR00057,PR00476,BU00903,SP00979,2023-06-17,SH00005
OR00058,PR00365,BU00773,SP00005,2023-08-16,SH00040
OR00059,PR00926,BU00007,SP00921,2023-05-11,SH00078
OR00060,PR00574,BU00973,SP00706,2023-11-09,SH00034
OR00061,PR00025,BU00988,SP00653,2023-11-13,SH00002
OR00062,PR00197,BU00433,SP00568,2023-09-12,SH00024
OR00063,PR00968,BU00117,SP00724,2023-02-13,SH00075
OR00064,PR00791,BU00736,SP00119,2023-10-24,SH00027
OR00065,PR00123,BU00168,SP00840,2023-11-07,SH00076
OR00066,PR00342,BU00703,SP00168,2023-08-03,SH00018
OR00067,PR00900,BU00463,SP00626,2023-09-10,SH00058
OR00068,PR00784,BU00143,SP00971,2023-10-31,SH00020
OR00069,PR00628,BU00427,SP00783,2023-06-25,SH00007
OR00070,PR00217,BU00221,SP00535,2023-02-24,SH00018
OR00071,PR00499,BU00701,SP00999,2023-10-29,SH00001
OR00072,PR00118,BU00688,SP00995,2023-04-01,SH00044
OR00073,PR00981,BU00461,SP00566,2023-07-21,SH00050
OR00074,PR00194,BU00873,SP00222,2023-12-28,SH00018
OR00075,PR00175,BU00978,SP00595,2023-12-03,SH00039
OR00076,PR00453,BU00832,SP00216,2023-03-15,SH00038
OR00077,PR00355,BU00622,SP00141,2023-08-14,SH00037
OR00078,PR00087,BU00696,SP00523,2023-11-04,SH00006
OR00079,PR00807,BU00866,SP00717,2023-12-04,SH00048
OR00080,PR00075,BU00526,SP00828,2023-11-08,SH00064
OR00081,PR00290,BU00055,SP00334,2023-07-06,SH00073
OR00082,PR00909,BU00832,SP00107,2023-04-09,SH00074
OR00083,PR00893,BU00176,SP00600,2023-08-07,SH00033
OR00084,PR00596,BU00161,SP00331,2023-01-22,SH00062
OR00085,PR00305,BU00738,SP00802,2023-12-23,SH00015
OR00086,PR00444,BU00584,SP00615,2023-06-15,SH00058
OR00087,PR00046,BU00721,SP00620,2023-02-20,SH00075
OR00088,PR00059,BU00482,SP00289,2023-04-15,SH00007
OR00089,PR00652,BU00850,SP00953,2023-04-13,SH00013
OR00090,PR00222,BU00450,SP00282,2023-08-29,SH00070
OR00091,PR00470,BU01000,SP00564,2023-10-18,SH00040
OR00092,PR00709,BU00614,SP00118,2023-05-18,SH00009
OR00093,PR00276,BU00249,SP00316,2023-08-24,SH00001
OR00094,PR00884,BU00571,SP00179,2023-07-10,SH00028
OR00095,PR00378,BU00732,SP00877,2023-09-25,SH00001
OR00096,PR00764,BU00162,SP00666,2023-12-07,SH00063
OR00097,PR00997,BU00652,SP00939,2023-02-13,SH00023
OR00098,PR00780,BU00454,SP00030,2023-06-16,SH00006
OR00099,PR00285,BU00144,SP00490,2023-12-04,SH00033
OR00100,PR00387,BU00531,SP00915,2023-09-10,SH00012
OR00101,PR00160,BU00479,SP00964,2023-08-06,SH00048
OR00102,PR00876,BU00945,SP00678,2023-10-12,SH00023
OR00103,PR00720,BU00925,SP00563,2024-01-05,SH00050
OR00104,PR00903,BU00011,SP00069,2023-03-10,SH00077
OR00105,PR00281,BU00225,SP00649,2023-12-11,SH00013
OR00106,PR00684,BU00392,SP00187,2023-09-24,SH00078
OR00107,PR00190,BU00794,SP00226,2023-10-31,SH00004
OR00108,PR00004,BU00885,SP00442,2024-01-19,SH00003
OR00109,PR00721,BU00670,SP00757,2023-06-28,SH00044
OR00110,PR00991,BU00642,SP00264,2023-08-11,SH00008
OR00111,PR00145,BU00704,SP00209,2023-03-18,SH00031
OR00112,PR00345,BU00796,SP00017,2023-12-27,SH00015
OR00113,PR00049,BU00163,SP00416,2023-03-13,SH00073
OR00114,PR00610,BU00029,SP00116,2023-05-18,SH00065
OR00115,PR00316,BU00820,SP00061,2023-06-03,SH00023
OR00116,PR00445,BU00889,SP00283,2023-09-25,SH00059
OR00117,PR00544,BU00748,SP00253,2023-11-05,SH00035
OR00118,PR00258,BU00785,SP00169,2023-04-07,SH00067
OR00119,PR00006,BU00512,SP00513,2023-09-27,SH00025
OR00120,PR00259,BU00775,SP00978,2023-08-15,SH00053
OR00121,PR00259,BU00907,SP00873,2023-03-05,SH00041
OR00122,PR00914,BU00372,SP00049,2023-07-13,SH00006
OR00123,PR00856,BU00798,SP00418,2023-04-28,SH00021
OR00124,PR00141,BU00208,SP00660,2023-04-07,SH00010
OR00125,PR00143,BU00234,SP00497,2023-02-19,SH00017
OR00126,PR00698,BU00072,SP00081,2023-04-18,SH00033
OR00127,PR00132,BU00861,SP00631,2023-08-04,SH00022
OR00128,PR00154,BU00467,SP00609,2023-02-06,SH00033
OR00129,PR00010,BU00482,SP00907,2023-11-11,#NUM!
OR00130,PR00411,BU00814,SP00129,2023-12-06,SH00049
OR00131,PR00820,BU00476,SP00128,2023-09-17,SH00008
OR00132,PR00880,BU00824,SP00416,2023-08-20,SH00027
OR00133,PR00537,BU00999,SP00662,2023-10-14,SH00024
OR00134,PR00323,BU00602,SP00997,2023-12-08,SH00053
OR00135,PR00676,BU00469,SP00637,2023-07-01,SH00049
OR00136,PR00900,BU00172,SP00768,2023-09-15,SH00060
OR00137,PR00077,BU00752,SP00936,2023-03-27,SH00005
OR00138,PR00745,BU00112,SP00750,2023-08-07,SH00044
OR00139,PR00923,BU00587,SP00068,2023-12-27,SH00063
OR00140,PR00141,BU00814,SP00360,2023-07-26,SH00013
OR00141,PR00775,BU00796,SP00202,2023-03-01,SH00038
OR00142,PR00170,BU00995,SP00268,2023-06-08,SH00026
OR00143,PR00430,BU00517,SP00072,2023-11-22,SH00040
OR00144,PR00120,BU00661,SP00549,2023-03-18,SH00029
OR00145,PR00382,BU00276,SP00453,2023-05-18,SH00069
OR00146,PR00528,BU00166,SP00054,2023-07-09,SH00068
OR00147,PR00109,BU00111,SP00131,2023-03-21,SH00063
OR00148,PR00937,BU00614,SP00389,2023-02-01,SH00042
OR00149,PR00205,BU00767,SP00578,2023-02-05,SH00026
OR00150,PR00158,BU00896,SP00819,2023-07-19,SH00018
OR00151,PR00710,BU00273,SP00668,2023-11-04,SH00003
OR00152,PR00544,BU00688,SP00902,2023-02-26,SH00058
OR00153,PR00813,BU00071,SP00023,2023-08-20,SH00025
OR00154,PR00680,BU00839,SP00669,2023-08-01,SH00039
OR00155,PR00379,BU00388,SP00819,2023-07-09,SH00047
OR00156,PR00405,BU00517,SP00045,2023-07-01,SH00025
OR00157,PR00503,BU00352,SP00889,2023-11-25,SH00062
OR00158,PR00821,BU00218,SP00743,2023-12-08,SH00019
OR00159,PR00136,BU00593,SP00667,2023-12-04,SH00001
OR00160,PR00207,BU00246,SP00608,2023-02-16,SH00057
OR00161,PR00022,BU00854,SP00177,2023-12-16,SH00009
OR00162,PR00631,BU00273,SP00044,2023-08-12,SH00039
OR00163,PR00909,BU00698,SP00931,2023-03-12,SH00004
OR00164,PR00633,BU00461,SP00423,2023-08-06,SH00005
OR00165,PR00715,BU00317,SP00956,2023-11-18,SH00008
OR00166,PR00220,BU00719,SP00776,2023-06-24,SH00072
OR00167,PR00878,BU00051,SP00332,2023-10-08,SH00068
OR00168,PR00589,BU00709,SP00650,2023-05-22,SH00043
OR00169,PR00103,BU00577,SP00894,2023-07-29,SH00044
OR00170,PR00331,BU00431,SP00977,2023-11-13,SH00004
OR00171,PR00646,BU00190,SP00123,2023-04-08,SH00047
OR00172,PR00456,BU00393,SP00570,2023-03-16,SH00048
OR00173,PR00857,BU00815,SP00684,2023-07-28,SH00026
OR00174,PR00587,BU00749,SP00342,2023-08-20,SH00054
OR00175,PR00220,BU00700,SP00549,2023-10-01,SH00021
OR00176,PR00072,BU00291,SP00265,2023-03-22,SH00031
OR00177,PR00297,BU00321,SP00620,2023-12-08,SH00036
OR00178,PR00225,BU00840,SP00184,2023-10-26,SH00065
OR00179,PR00848,BU00288,SP00332,2023-02-24,SH00024
OR00180,PR00224,BU00728,SP00822,2023-04-24,SH00046
OR00181,PR00819,BU00692,SP00777,2023-08-12,SH00079
OR00182,PR00490,BU00295,SP00164,2023-03-29,SH00021
OR00183,PR00508,BU00721,SP00633,2023-10-09,SH00043
OR00184,PR00314,BU00464,SP00203,2023-09-27,SH00037
OR00185,PR00107,BU00867,SP00992,2023-07-08,SH00007
OR00186,PR00628,BU00754,SP01000,2023-09-02,SH00073
OR00187,PR00276,BU00957,SP00314,2023-05-26,SH00050
OR00188,PR00760,BU00708,SP00697,2023-12-18,SH00056
OR00189,PR00608,BU00466,SP00103,2023-06-19,SH00048
OR00190,PR00593,BU00632,SP00651,2023-06-06,SH00045
OR00191,PR00816,BU00459,SP00739,2023-09-23,SH00041
OR00192,PR00423,BU00258,SP00001,2023-04-15,SH00026
OR00193,PR00482,BU00511,SP00745,2023-11-22,SH00068
OR00194,PR00181,BU00209,SP00575,2023-04-28,SH00019
OR00195,PR00988,BU00453,SP00821,2023-08-15,SH00021
OR00196,PR00014,BU00681,SP00286,2024-01-11,SH00029
OR00197,PR00195,BU00680,SP00293,2023-08-30,SH00028
OR00198,PR00277,BU00208,SP00544,2023-07-09,SH00008
OR00199,PR00925,BU00606,SP00475,2023-06-18,SH00049
OR00200,PR00022,BU00596,SP00276,2023-12-10,SH00045
OR00201,PR00956,BU00939,SP00455,2023-10-30,SH00075
OR00202,PR00297,BU00695,SP00143,2024-01-01,SH00020
OR00203,PR00952,BU00436,SP00144,2023-10-11,SH00020
OR00204,PR00140,BU00597,SP00286,2023-10-03,SH00003
OR00205,PR00480,BU00559,SP00380,2023-12-23,SH00072
OR00206,PR00716,BU00602,SP00528,2023-10-28,SH00066
OR00207,PR00431,BU00533,SP00634,2023-07-01,SH00050
OR00208,PR00588,BU00078,SP00351,2023-06-29,SH00029
OR00209,PR00888,BU00220,SP00094,2023-06-19,SH00034
OR00210,PR00790,BU00420,SP00229,2023-12-21,SH00006
OR00211,PR00921,BU00582,SP00039,2023-07-15,SH00048
OR00212,PR00989,BU00241,SP00095,2023-01-10,SH00035
OR00213,PR00157,BU00183,SP00551,2023-12-22,SH00013
OR00214,PR00163,BU00645,SP00801,2023-01-03,SH00003
OR00215,PR00070,BU00017,SP00137,2023-11-15,SH00077
OR00216,PR00658,BU00867,SP00728,2023-09-04,SH00039
OR00217,PR00195,BU00252,SP00552,2023-12-09,SH00040
OR00218,PR00106,BU00379,SP00883,2023-01-05,SH00067
OR00219,PR00293,BU00062,SP00300,2023-07-31,SH00065
OR00220,PR00258,BU00006,SP00615,2023-03-20,SH00059
OR00221,PR00482,BU00585,SP00323,2023-06-12,SH00050
OR00222,PR00539,BU00062,SP00813,2023-03-14,SH00041
OR00223,PR00596,BU00885,SP00594,2023-10-05,SH00057
OR00224,PR00789,BU00603,SP00206,2023-01-06,SH00048
OR00225,PR00234,BU00207,SP00610,2023-03-19,SH00050
OR00226,PR00828,BU00716,SP00284,2023-07-13,SH00040
OR00227,PR00901,BU00525,SP00461,2024-01-04,SH00012
OR00228,PR00779,BU00228,SP00690,2023-03-10,SH00060
OR00229,PR00227,BU00503,SP00711,2023-02-11,SH00040
OR00230,PR00593,BU00223,SP00640,2023-08-05,SH00001
OR00231,PR00790,BU00307,SP00096,2023-05-23,SH00043
OR00232,PR00366,BU00483,SP00675,2023-05-12,SH00004
OR00233,PR00708,BU00808,SP00013,2023-08-24,SH00073
OR00234,PR00387,BU00085,SP00331,2024-01-26,SH00046
OR00235,PR00947,BU00462,SP00394,2023-03-06,SH00038
OR00236,PR00689,BU00376,SP00325,2023-03-03,SH00001
OR00237,PR00341,BU00696,SP00210,2023-07-26,SH00054
OR00238,PR00202,BU00866,SP00738,2023-02-14,SH00015
OR00239,PR00428,BU00761,SP00123,2023-08-16,SH00032
OR00240,PR00626,BU00939,SP00868,2023-03-19,SH00052
OR00241,PR00758,BU00491,SP00617,2023-06-18,SH00014
OR00242,PR00152,BU00992,SP00036,2024-01-13,SH00033
OR00243,PR00536,BU00078,SP00813,2023-08-13,SH00017
OR00244,PR00465,BU00622,SP00111,2023-02-16,SH00042
OR00245,PR00067,BU00035,SP00644,2023-10-14,SH00038
OR00246,PR00611,BU00867,SP00022,2023-04-21,SH00007
OR00247,PR00305,BU00907,SP00696,2023-04-29,SH00054
OR00248,PR00520,BU00556,SP00615,2023-10-18,SH00070
OR00249,PR00633,BU00779,SP00782,2024-01-03,SH00016
OR00250,PR00321,BU00346,SP00858,2023-08-03,SH00013
OR00251,PR00505,BU00054,SP00917,2023-06-29,SH00036
OR00252,PR00073,BU00592,SP00496,2023-12-31,SH00057
OR00253,PR00563,BU00797,SP00216,2023-05-18,SH00038
OR00254,PR00649,BU00427,SP00518,2023-10-16,SH00001
OR00255,PR00624,BU00893,SP00150,2023-11-05,SH00073
OR00256,PR00263,BU00155,SP00368,2023-01-28,SH00042
OR00257,PR00564,BU00429,SP00462,2023-08-08,SH00023
OR00258,PR00302,BU00675,SP00283,2023-07-06,SH00037
OR00259,PR00530,BU00825,SP00702,2023-01-23,SH00038
OR00260,PR00704,BU00317,SP00834,2023-03-01,SH00068
OR00261,PR00276,BU00869,SP00311,2023-02-10,SH00098
OR00262,PR00243,BU00262,SP00042,2023-06-23,SH00033
OR00263,PR00355,BU00825,SP00163,2023-07-23,SH00051
OR00264,PR00697,BU00190,SP00055,2023-12-06,SH00079
OR00265,PR00769,BU00167,SP00675,2023-08-09,SH00011
OR00266,PR00492,BU00747,SP00286,2023-01-18,SH00026
OR00267,PR00692,BU00252,SP00673,2023-09-08,SH00012
OR00268,PR00850,BU00678,SP00354,2023-11-10,SH00076
OR00269,PR00595,BU00786,SP00876,2023-04-27,SH00009
OR00270,PR00764,BU00638,SP00641,2023-01-20,SH00078
OR00271,PR00380,BU00425,SP00909,2023-10-06,SH00054
OR00272,PR00824,BU00874,SP00524,2023-02-02,SH00031
OR00273,PR00703,BU00083,SP00312,2023-10-17,SH00051
OR00274,PR00638,BU00558,SP00492,2023-04-26,SH00005
OR00275,PR00973,BU00822,SP00974,2023-12-23,SH00076
OR00276,PR00696,BU00884,SP00472,2023-12-10,SH00073
OR00277,PR00554,BU00807,SP00438,2023-09-27,SH00079
OR00278,PR00016,BU00370,SP00756,2023-06-22,SH00026
OR00279,PR00516,BU00119,SP00474,2023-04-29,SH00075
OR00280,PR00120,BU00698,SP00134,2023-08-18,SH00037
OR00281,PR00966,BU00998,SP00446,2023-06-24,SH00003
OR00282,PR00215,BU00912,SP00151,2024-01-04,SH00001
OR00283,PR00382,BU00752,SP00186,2023-06-28,SH00050
OR00284,PR00077,BU00752,SP00101,2023-06-25,SH00038
OR00285,PR00604,BU00465,SP00087,2023-10-24,SH00019
OR00286,PR00908,BU00107,SP00347,2023-05-05,SH00057
OR00287,PR00738,BU00062,SP00913,2023-10-02,SH00070
OR00288,PR00500,BU00241,SP00262,2023-12-01,SH00067
OR00289,PR00504,BU00368,SP00620,2023-03-05,SH00050
OR00290,PR00480,BU00069,SP00274,2023-09-20,SH00041
OR00291,PR00681,BU00626,SP00293,2023-07-15,SH00046
OR00292,PR00477,BU00842,SP00864,2023-04-27,SH00017
OR00293,PR00722,BU00283,SP00969,2023-02-03,SH00036
OR00294,PR00127,BU00515,SP00435,2023-12-22,SH00054
OR00295,PR00198,BU00851,SP00567,2023-05-18,SH00058
OR00296,PR00046,BU00449,SP00766,2023-02-02,SH00077
OR00297,PR00006,BU00549,SP00768,2023-01-30,SH00002
OR00298,PR00135,BU00180,SP00520,2023-03-17,SH00020
OR00299,PR00895,BU00438,SP00576,2024-01-15,SH00067
OR00300,PR00824,BU00727,SP00381,2023-06-22,SH00041
OR00301,PR00375,BU00601,SP00139,2023-11-13,SH00079
OR00302,PR00345,BU00212,SP00795,2023-07-30,SH00056
OR00303,PR00855,BU00940,SP00531,2023-12-01,SH00036
OR00304,PR00853,BU00772,SP00694,2023-11-03,SH00016
OR00305,PR00631,BU00482,SP00742,2023-11-17,SH00032
OR00306,PR00782,BU00481,SP00686,2023-01-09,SH00006
OR00307,PR00091,BU00183,SP00437,2023-12-15,SH00064
OR00308,PR00048,BU00922,SP00036,2023-06-17,SH00044
OR00309,PR00114,BU00698,SP00802,2023-08-31,SH00076
OR00310,PR00764,BU00530,SP00772,2023-04-04,SH00024
OR00311,PR00814,BU00999,SP00398,2024-01-09,SH00079
OR00312,PR00621,BU00840,SP00770,2023-06-24,SH00032
OR00313,PR00472,BU00116,SP00618,2023-06-04,SH00038
OR00314,PR00585,BU00474,SP00895,2024-01-08,SH00073
OR00315,PR00107,BU00363,SP00406,2023-09-25,SH00025
OR00316,PR00661,BU00276,SP00871,2024-01-04,SH00032
OR00317,PR00814,BU00659,SP00289,2023-04-21,SH00049
OR00318,PR00068,BU00475,SP00430,2023-10-03,SH00072
OR00319,PR00697,BU00724,SP00654,2023-09-22,SH00006
OR00320,PR00838,BU00575,SP00438,2023-09-08,SH00024
OR00321,PR00386,BU00136,SP00222,2023-07-07,SH00010
OR00322,PR00818,BU00563,SP00839,2023-05-07,SH00018
OR00323,PR00205,BU00047,SP00831,2023-10-14,SH00066
OR00324,PR00834,BU00845,SP00548,2023-12-07,SH00001
OR00325,PR00824,BU00668,SP00316,2023-11-17,SH00079
OR00326,PR00053,BU00474,SP00529,2023-07-06,SH00050
OR00327,PR00629,BU00858,SP00356,2023-02-17,SH00077
OR00328,PR00688,BU00900,SP00513,2023-08-14,SH00032
OR00329,PR00104,BU00813,SP00581,2023-11-27,SH00063
OR00330,PR00228,BU00865,SP00660,2023-10-13,SH00019
OR00331,PR00854,BU00347,SP00013,2023-10-27,SH00043
OR00332,PR00714,BU00542,SP00501,2023-07-13,SH00048
OR00333,PR00566,BU00683,SP00357,2023-08-22,SH00018
OR00334,PR00515,BU00745,SP00030,2023-03-26,SH00063
OR00335,PR00668,BU00422,SP00972,2023-12-04,SH00047
OR00336,PR00025,BU00463,SP00703,2023-06-20,SH00016
OR00337,PR00745,BU00047,SP00228,2023-03-04,SH00007
OR00338,PR00387,BU00179,SP00329,2023-09-29,SH00068
OR00339,PR00083,BU00464,SP00785,2023-06-19,SH00073
OR00340,PR00974,BU00098,SP00718,2023-04-04,SH00050
OR00341,PR00320,BU00671,SP00180,2023-05-18,SH00065
OR00342,PR00170,BU00414,SP00119,2023-02-13,SH00051
OR00343,PR00779,BU00403,SP00512,2023-06-24,SH00014
OR00344,PR00049,BU00025,SP00560,2023-04-10,SH00078
OR00345,PR00147,BU00905,SP00556,2023-06-01,SH00026
OR00346,PR00456,BU00322,SP00613,2023-06-03,SH00012
OR00347,PR00141,BU00658,SP00793,2023-07-10,SH00065
OR00348,PR00816,BU00108,SP00801,2023-01-05,SH00048
OR00349,PR00253,BU00848,SP00877,2023-01-13,SH00017
OR00350,PR00683,BU00699,SP00955,2023-06-16,SH00069
OR00351,PR00651,BU00425,SP00332,2023-06-20,SH00025
OR00352,PR00529,BU00433,SP00623,2023-12-12,SH00034
OR00353,PR00639,BU00239,SP00661,2023-05-22,SH00076
OR00354,PR00041,BU00318,SP00983,2023-01-05,SH00045
OR00355,PR00387,BU00789,SP00969,2023-09-15,SH00022
OR00356,PR00946,BU00219,SP00215,2023-05-16,SH00009
OR00357,PR00924,BU00620,SP00949,2023-11-26,SH00010
OR00358,PR00082,BU00777,SP00636,2023-12-30,SH00054
OR00359,PR00975,BU00125,SP00225,2023-01-18,SH00062
OR00360,PR00692,BU00333,SP00815,2023-12-08,SH00076
OR00361,PR00180,BU00182,SP00374,2023-12-11,SH00063
OR00362,PR00065,BU00154,SP00054,2023-09-15,SH00028
OR00363,PR00648,BU00299,SP00977,2023-01-27,SH00060
OR00364,PR00228,BU00717,SP00884,2023-03-08,SH00011
OR00365,PR00817,BU00162,SP00262,2023-06-12,SH00063
OR00366,PR00131,BU00169,SP00082,2023-05-28,SH00041
OR00367,PR00985,BU00270,SP00708,2023-01-15,SH00077
OR00368,PR00150,BU00030,SP00345,2023-07-16,SH00018
OR00369,PR00966,BU00609,SP00410,2023-05-15,SH00076
OR00370,PR00831,BU00074,SP00416,2023-03-19,SH00079
OR00371,PR00479,BU00762,SP00602,2023-09-11,SH00001
OR00372,PR00024,BU00079,SP00550,2023-10-20,SH00019
OR00373,PR00649,BU00829,SP00941,2023-01-23,SH00046
OR00374,PR00440,BU00760,SP00825,2023-12-07,SH00065
OR00375,PR00370,BU00844,SP00592,2023-12-13,SH00041
OR00376,PR00463,BU00160,SP00682,2023-12-21,SH00050
OR00377,PR00944,BU00858,SP00831,2023-03-12,SH00052
OR00378,PR00701,BU00648,SP00941,2023-04-06,SH00030
OR00379,PR00043,BU00391,SP00368,2023-11-20,SH00027
OR00380,PR00453,BU00247,SP00551,2023-10-25,SH00028
OR00381,PR00482,BU00837,SP00518,2023-02-20,SH00014
OR00382,PR00384,BU00772,SP00928,2023-12-10,SH00031
OR00383,PR00865,BU00624,SP00261,2023-06-23,SH00033
OR00384,PR00217,BU00089,SP00370,2023-06-19,SH00022
OR00385,PR00846,BU00294,SP00276,2023-11-19,SH00015
OR00386,PR00072,BU00065,SP00918,2023-01-19,SH00020
OR00387,PR00567,BU00122,SP00867,2023-01-23,SH00054
OR00388,PR00060,BU00676,SP00928,2023-01-12,SH00025
OR00389,PR00906,BU00907,SP00905,2023-12-24,SH00076
OR00390,PR00116,BU00317,SP00490,2023-05-20,SH00007
OR00391,PR00118,BU00994,SP00246,2023-08-20,SH00075
OR00392,PR00711,BU00178,SP00718,2023-03-28,SH00013
OR00393,PR00649,BU00520,SP00625,2023-08-24,SH00005
OR00394,PR00569,BU00397,SP00620,2023-04-12,SH00008
OR00395,PR00584,BU00154,SP00558,2023-09-13,SH00053
OR00396,PR00625,BU00441,SP00025,2023-08-17,SH00016
OR00397,PR00822,BU00816,SP00993,2023-06-25,SH00075
OR00398,PR00231,BU00363,SP00477,2023-02-19,SH00010
OR00399,PR00665,BU00994,SP00002,2023-09-15,SH00073
OR00400,PR00641,BU00357,SP00655,2023-02-18,SH00029
OR00401,PR00611,BU00313,SP00059,2023-11-11,SH00063
OR00402,PR00629,BU00790,SP00141,2023-06-01,SH00025
OR00403,PR00403,BU00078,SP00049,2023-02-20,SH00073
OR00404,PR00111,BU00926,SP00987,2023-06-29,SH00021
OR00405,PR00570,BU00044,SP00970,2023-01-04,SH00019
OR00406,PR00884,BU00204,SP00846,2023-06-02,SH00008
OR00407,PR00089,BU00877,SP00004,2023-02-16,SH00027
OR00408,PR00372,BU00638,SP00292,2023-07-08,SH00021
OR00409,PR00269,BU00595,SP00704,2023-12-08,SH00072
OR00410,PR00917,BU00812,SP00608,2023-05-21,SH00043
OR00411,PR00537,BU00978,SP00107,2023-08-04,SH00078
OR00412,PR00982,BU00892,SP00819,2023-02-02,SH00068
OR00413,PR00454,BU00958,SP00648,2023-09-30,SH00069
OR00414,PR00409,BU00806,SP00180,2023-04-02,SH00045
OR00415,PR00692,BU00652,SP00543,2023-12-15,SH00027
OR00416,PR00674,BU00493,SP00957,2023-08-02,SH00048
OR00417,PR00039,BU01000,SP00290,2023-10-02,SH00028
OR00418,PR00221,BU00430,SP00111,2023-06-01,SH00044
OR00419,PR00027,BU00118,SP00896,2023-09-04,SH00051
OR00420,PR00384,BU00959,SP00918,2023-07-18,SH00068
OR00421,PR00907,BU00222,SP00380,2023-03-05,SH00045
OR00422,PR00742,BU00595,SP00314,2023-01-17,SH00053
OR00423,PR00279,BU00393,SP00856,2023-06-26,SH00070
OR00424,PR00027,BU00253,SP00757,2023-04-17,SH00037
OR00425,PR00335,BU00868,SP00529,2023-04-10,SH00012
OR00426,PR00788,BU00335,SP00953,2023-03-15,SH00072
OR00427,PR00882,BU00109,SP00210,2023-12-24,SH00056
OR00428,PR00920,BU00776,SP00230,2023-03-24,SH00026
OR00429,PR00832,BU00387,SP00381,2023-08-17,SH00055
OR00430,PR00195,BU00559,SP00665,2023-03-07,SH00024
OR00431,PR00862,BU00294,SP00457,2023-03-11,SH00068
OR00432,PR00873,BU00943,SP00941,2023-06-02,SH00049
OR00433,PR00320,BU00717,SP00144,2023-05-16,SH00003
OR00434,PR00243,BU00593,SP00061,2023-10-20,SH00017
OR00435,PR00075,BU00677,SP00698,2023-11-21,SH00029
OR00436,PR00022,BU00426,SP00458,2023-05-23,SH00039
OR00437,PR00874,BU00829,SP00516,2023-09-15,SH00050
OR00438,PR00386,BU00759,SP00255,2023-09-01,SH00062
OR00439,PR00386,BU00743,SP00813,2023-03-19,SH00030
OR00440,PR00405,BU00200,SP00609,2023-02-08,SH00066
OR00441,PR00709,BU00523,SP00745,2023-07-17,SH00037
OR00442,PR00542,BU00840,SP00660,2023-08-30,SH00078
OR00443,PR00828,BU00413,SP00324,2023-11-07,SH00056
OR00444,PR00134,BU00846,SP00959,2024-01-07,SH00010
OR00445,PR00663,BU00503,SP00874,2023-02-27,SH00050
OR00446,PR00379,BU00574,SP00626,2023-07-12,SH00064
OR00447,PR00801,BU00911,SP00730,2023-04-19,SH00038
OR00448,PR00778,BU00202,SP00537,2023-08-28,SH00015
OR00449,PR00260,BU00358,SP00996,2023-02-17,SH00011
OR00450,PR00615,BU00497,SP00567,2023-12-24,SH00011
OR00451,PR00118,BU00138,SP00594,2023-01-31,SH00006
OR00452,PR00222,BU00299,SP00266,2023-10-24,SH00015
OR00453,PR00271,BU00182,SP00699,2023-11-16,SH00021
OR00454,PR00321,BU00315,SP00145,2023-03-09,SH00044
OR00455,PR00058,BU00602,SP00091,2023-05-28,SH00030
OR00456,PR00846,BU00754,SP00169,2023-02-07,SH00021
OR00457,PR00841,BU00225,SP00756,2023-11-21,SH00012
OR00458,PR00645,BU00724,SP00676,2023-10-26,SH00069
OR00459,PR00623,BU00751,SP00271,2023-07-25,SH00026
OR00460,PR00331,BU00178,SP00366,2023-05-07,SH00009
OR00461,PR00430,BU00143,SP00480,2023-11-27,SH00041
OR00462,PR00143,BU00016,SP00405,2023-04-19,SH00062
OR00463,PR00874,BU00389,SP00811,2023-07-13,SH00018
OR00464,PR00787,BU00949,SP00052,2023-03-14,SH00075
OR00465,PR00231,BU00133,SP00145,2023-06-20,SH00013
OR00466,PR00139,BU00093,SP00515,2023-11-30,SH00019
OR00467,PR00570,BU00698,SP00604,2023-11-25,SH00012
OR00468,PR00180,BU00685,SP00176,2023-11-20,SH00005
OR00469,PR00261,BU00467,SP00285,2023-06-01,SH00031
OR00470,PR00120,BU00538,SP00696,2023-04-09,SH00048
OR00471,PR00328,BU00265,SP00149,2023-12-07,SH00072
OR00472,PR00229,BU00056,SP00253,2023-09-01,SH00009
OR00473,PR00031,BU00741,SP00718,2023-10-05,SH00019
OR00474,PR00231,BU00191,SP00946,2023-04-15,SH00066
OR00475,PR00171,BU00445,SP00318,2023-02-20,SH00072
OR00476,PR00038,BU00165,SP00847,2023-01-10,SH00023
OR00477,PR00536,BU00418,SP00641,2023-09-29,SH00063
OR00478,PR00328,BU00297,SP00775,2023-09-15,SH00012
OR00479,PR00643,BU00331,SP00756,2023-08-21,SH00011
OR00480,PR00747,BU00561,SP00537,2023-03-01,SH00038
OR00481,PR00352,BU00140,SP00198,2023-01-30,SH00033
OR00482,PR00887,BU00637,SP00372,2023-01-11,SH00027
OR00483,PR00637,BU00566,SP00871,2023-03-04,SH00074
OR00484,PR00370,BU00133,SP00830,2023-05-10,SH00004
OR00485,PR00757,BU00580,SP00535,2023-12-17,SH00062
OR00486,PR00328,BU00245,SP00408,2023-11-26,SH00025
OR00487,PR00715,BU00268,SP00074,2023-10-03,SH00028
OR00488,PR00840,BU00500,SP00355,2023-03-03,SH00036
OR00489,PR00158,BU00582,SP00443,2023-04-16,SH00001
OR00490,PR00933,BU00227,SP00039,2023-12-21,SH00061
OR00491,PR00942,BU00347,SP00724,2023-01-12,SH00079
OR00492,PR00980,BU00274,SP00848,2023-02-20,SH00001
OR00493,PR00551,BU00693,SP00348,2023-02-16,SH00023
OR00494,PR00594,BU00928,SP00397,2023-12-16,SH00023
OR00495,PR00240,BU00597,SP00982,2023-04-08,SH00056
OR00496,PR00747,BU00511,SP00906,2023-05-04,SH00040
OR00497,PR00411,BU00222,SP00613,2023-06-18,SH00018
OR00498,PR00099,BU00190,SP00285,2023-08-26,SH00067
OR00499,PR00820,BU00018,SP00641,2023-04-22,SH00028
OR00500,PR00657,BU00959,SP00191,2023-01-22,SH00009
OR00501,PR00167,BU00386,SP00784,2023-02-11,SH00024
OR00502,PR00511,BU00737,SP00076,2023-09-05,SH00046
OR00503,PR00505,BU00981,SP00811,2023-10-09,SH00020
OR00504,PR00719,BU00257,SP00831,2023-09-02,SH00059
OR00505,PR00417,BU00198,SP00702,2023-09-10,SH00049
OR00506,PR00479,BU00764,SP00834,2023-02-06,SH00049
OR00507,PR00689,BU01000,SP00262,2023-12-28,SH00075
OR00508,PR00547,BU00053,SP01000,2023-10-16,SH00077
OR00509,PR00083,BU00241,SP00130,2023-08-25,SH00049
OR00510,PR00982,BU00684,SP00488,2023-03-08,SH00065
OR00511,PR00181,BU00074,SP00103,2023-02-01,SH00032
OR00512,PR00618,BU00135,SP00308,2023-11-16,SH00037
OR00513,PR00021,BU00608,SP00900,2023-01-27,SH00037
OR00514,PR00108,BU00576,SP00484,2023-07-15,SH00044
OR00515,PR00464,BU00795,SP00457,2023-09-03,SH00009
OR00516,PR00744,BU00061,SP00431,2023-05-29,SH00053
OR00517,PR00002,BU00884,SP00380,2023-11-18,SH00003
OR00518,PR00946,BU00315,SP00729,2023-05-07,SH00030
OR00519,PR00709,BU00671,SP00747,2023-11-04,#NUM!
OR00520,PR00942,BU00425,SP00588,2023-09-17,SH00001
OR00521,PR00531,BU00198,SP00453,2023-05-31,SH00010
OR00522,PR00564,BU00542,SP00777,2024-01-09,SH00030
OR00523,PR00464,BU00399,SP00217,2023-03-26,SH00031
OR00524,PR00843,BU00887,SP00887,2023-05-06,SH00040
OR00525,PR00751,BU00048,SP00080,2023-09-11,SH00047
OR00526,PR00362,BU00592,SP00165,2023-01-30,SH00056
OR00527,PR00091,BU00162,SP00374,2024-01-05,SH00043
OR00528,PR00646,BU00292,SP00260,2023-12-18,SH00010
OR00529,PR00527,BU00840,SP00987,2023-08-25,SH00067
OR00530,PR00779,BU00266,SP00514,2023-08-11,SH00041
OR00531,PR00868,BU00356,SP00078,2023-09-20,SH00079
OR00532,PR00439,BU00746,SP00700,2023-04-21,SH00047
OR00533,PR00852,BU00784,SP00919,2023-05-31,SH00062
OR00534,PR00457,BU00859,SP00513,2023-02-07,SH00071
OR00535,PR00192,BU00542,SP00132,2023-05-04,SH00044
OR00536,PR00377,BU00306,SP00775,2023-03-24,SH00043
OR00537,PR00955,BU00102,SP00466,2023-03-21,SH00054
OR00538,PR00487,BU00154,SP00199,2023-03-19,SH00013
OR00539,PR00435,BU00853,SP00347,2023-06-14,SH00001
OR00540,PR00811,BU00016,SP00944,2023-04-24,SH00078
OR00541,PR00786,BU00285,SP00419,2023-07-23,SH00034
OR00542,PR00284,BU00225,SP00988,2023-08-31,SH00074
OR00543,PR00863,BU00488,SP00228,2023-10-06,SH00012
OR00544,PR00981,BU00386,SP00022,2023-08-31,SH00059
OR00545,PR00132,BU00485,SP00241,2023-06-10,SH00038
OR00546,PR00973,BU00716,SP00771,2023-09-03,SH00076
OR00547,PR00435,BU00464,SP00616,2023-12-11,SH00056
OR00548,PR00274,BU00060,SP00277,2023-06-28,SH00025
OR00549,PR00223,BU00992,SP00262,2024-01-01,SH00031
OR00550,PR00902,BU00971,SP00014,2023-07-22,SH00039
OR00551,PR00483,BU00244,SP00859,2023-01-20,SH00040
OR00552,PR00389,BU00320,SP00980,2023-06-22,SH00041
OR00553,PR00573,BU00140,SP00870,2024-01-09,SH00008
OR00554,PR00062,BU00789,SP00209,2023-11-12,SH00069
OR00555,PR00003,BU00437,SP00330,2023-01-27,SH00005
OR00556,PR00950,BU00305,SP00979,2023-12-31,SH00023
OR00557,PR00729,BU00936,SP00091,2023-10-11,SH00003
OR00558,PR00716,BU00824,SP00194,2023-09-22,SH00034
OR00559,PR00744,BU00336,SP00415,2023-04-09,SH00023
OR00560,PR00264,BU00287,SP00740,2023-05-10,SH00004
OR00561,PR00778,BU00133,SP00656,2023-10-30,SH00019
OR00562,PR00521,BU00636,SP00868,2023-04-11,SH00008
OR00563,PR00377,BU00639,SP00407,2023-04-19,SH00066
OR00564,PR00935,BU00119,SP00595,2023-03-19,SH00042
OR00565,PR00732,BU00507,SP00836,2023-01-15,SH00053
OR00566,PR00791,BU00193,SP00530,2023-09-22,SH00010
OR00567,PR00760,BU00354,SP00085,2023-03-05,SH00058
OR00568,PR00001,BU00033,SP00430,2023-02-05,SH00006
OR00569,PR00375,BU00574,SP00098,2023-12-27,SH00048
OR00570,PR00291,BU00163,SP00643,2023-03-07,SH00058
OR00571,PR00718,BU00551,SP00170,2023-08-01,SH00030
OR00572,PR00104,BU00261,SP00833,2023-01-28,SH00029
OR00573,PR00753,BU00084,SP00893,2023-04-07,SH00072
OR00574,PR00178,BU00727,SP00117,2023-09-27,SH00047
OR00575,PR00841,BU00310,SP00234,2023-06-27,SH00026
OR00576,PR00957,BU00608,SP00827,2023-04-13,SH00074
OR00577,PR00259,BU00176,SP00689,2023-08-16,SH00026
OR00578,PR00233,BU00708,SP00302,2023-09-09,SH00032
OR00579,PR00475,BU00940,SP00090,2023-03-20,SH00031
OR00580,PR00041,BU00947,SP00648,2023-05-10,SH00004
OR00581,PR00178,BU00228,SP00718,2023-04-14,SH00076
OR00582,PR00562,BU00778,SP00769,2023-12-07,SH00056
OR00583,PR00504,BU00335,SP00200,2023-04-25,SH00063
OR00584,PR00019,BU00829,SP00692,2023-01-19,SH00054
OR00585,PR00630,BU00062,SP00754,2023-12-02,SH00070
OR00586,PR00315,BU00143,SP00591,2023-11-26,SH00051
OR00587,PR00502,BU00070,SP00090,2023-08-18,SH00006
OR00588,PR00838,BU00813,SP00654,2023-09-13,#NUM!
OR00589,PR00095,BU00366,SP00647,2023-08-04,SH00013
OR00590,PR00778,BU00621,SP00310,2023-12-16,SH00007
OR00591,PR00557,BU00706,SP00364,2023-12-31,SH00055
OR00592,PR00875,BU00881,SP00113,2023-11-23,SH00073
OR00593,PR00068,BU00880,SP00273,2023-03-04,SH00053
OR00594,PR00410,BU00242,SP00954,2024-01-12,SH00026
OR00595,PR00381,BU00609,SP00424,2023-02-16,SH00033
OR00596,PR00743,BU00315,SP00276,2023-05-25,SH00024
OR00597,PR00960,BU00172,SP00015,2023-02-07,SH00020
OR00598,PR00996,BU00541,SP00505,2023-06-23,SH00063
OR00599,PR00339,BU00463,SP00646,2023-09-22,SH00052
OR00600,PR00603,BU00705,SP00387,2023-06-27,SH00035
OR00601,PR00042,BU00556,SP00880,2023-05-28,SH00029
OR00602,PR00130,BU00559,SP00977,2023-08-22,SH00028
OR00603,PR00664,BU00590,SP00380,2023-07-17,SH00055
OR00604,PR00898,BU00342,SP00317,2023-05-12,SH00045
OR00605,PR00104,BU00076,SP00896,2023-08-20,SH00027
OR00606,PR00631,BU00108,SP00845,2023-06-24,SH00016
OR00607,PR00450,BU00121,SP00794,2023-03-10,SH00043
OR00608,PR00434,BU00102,SP00239,2023-07-10,SH00021
OR00609,PR00493,BU00235,SP00474,2023-03-04,SH00042
OR00610,PR00384,BU00271,SP00888,2023-08-18,SH00055
OR00611,PR00979,BU00055,SP00310,2023-11-25,SH00014
OR00612,PR00662,BU00088,SP00828,2023-08-10,SH00064
OR00613,PR00374,BU00597,SP00012,2023-09-03,SH00020
OR00614,PR00272,BU00269,SP00665,2023-04-21,SH00030
OR00615,PR00542,BU00228,SP00085,2023-12-22,SH00009
OR00616,PR00810,BU00692,SP00395,2023-12-14,SH00078
OR00617,PR00396,BU00235,SP00140,2023-03-18,SH00076
OR00618,PR00570,BU00716,SP00720,2023-03-01,SH00024
OR00619,PR00224,BU00281,SP00738,2023-09-13,SH00025
OR00620,PR00247,BU00463,SP00462,2023-07-29,SH00026
OR00621,PR00396,BU00440,SP00647,2023-05-10,SH00016
OR00622,PR00182,BU00081,SP00317,2023-02-15,SH00038
OR00623,PR00022,BU00774,SP00350,2023-04-04,SH00071
OR00624,PR00099,BU00155,SP00809,2023-11-30,SH00072
OR00625,PR00436,BU00090,SP00319,2024-01-07,SH00073
OR00626,PR00582,BU00597,SP00983,2023-10-03,SH00050
OR00627,PR00291,BU00687,SP00557,2023-07-17,SH00036
OR00628,PR00658,BU00572,SP00705,2023-12-01,SH00032
OR00629,PR00260,BU00546,SP00621,2023-08-26,SH00046
OR00630,PR00175,BU00196,SP00363,2023-08-17,SH00076
OR00631,PR00728,BU00705,SP00408,2023-11-29,SH00060
OR00632,PR00577,BU00406,SP00074,2023-04-26,SH00024
OR00633,PR00193,BU00972,SP00413,2023-02-27,SH00054
OR00634,PR00068,BU00084,SP00947,2023-06-02,SH00040
OR00635,PR00034,BU00829,SP00566,2023-01-17,SH00048
OR00636,PR00188,BU00064,SP00660,2023-06-04,SH00067
OR00637,PR00626,BU00543,SP00641,2023-10-06,SH00022
OR00638,PR00917,BU00433,SP00030,2023-03-06,SH00075
OR00639,PR00929,BU00052,SP00322,2023-05-17,SH00062
OR00640,PR00544,BU00615,SP00797,2023-11-03,SH00035
OR00641,PR00488,BU00084,SP00279,2023-12-11,SH00041
OR00642,PR00598,BU00266,SP00869,2023-06-05,SH00075
OR00643,PR00438,BU00094,SP00848,2023-05-26,SH00029
OR00644,PR00930,BU00364,SP00281,2023-12-08,SH00045
OR00645,PR00524,BU00286,SP00605,2023-09-06,SH00014
OR00646,PR00944,BU00052,SP00369,2023-03-04,SH00046
OR00647,PR00213,BU00406,SP00095,2023-04-25,SH00035
OR00648,PR00678,BU00234,SP00981,2023-02-15,SH00010
OR00649,PR00774,BU00834,SP00290,2023-08-20,SH00001
OR00650,PR00678,BU00694,SP00785,2023-03-12,SH00074
OR00651,PR00197,BU00978,SP00747,2024-01-04,SH00035
OR00652,PR00071,BU00097,SP00220,2023-05-12,SH00033
OR00653,PR00379,BU00419,SP00659,2023-04-08,SH00037
OR00654,PR00972,BU00562,SP00879,2023-12-23,SH00048
OR00655,PR00118,BU00784,SP00679,2023-03-19,SH00062
OR00656,PR00013,BU00437,SP00700,2023-02-19,SH00058
OR00657,PR00728,BU00845,SP00914,2023-07-03,SH00043
OR00658,PR00791,BU00989,SP00687,2023-06-17,SH00018
OR00659,PR00150,BU00077,SP00447,2023-07-12,SH00029
OR00660,PR00943,BU00214,SP00707,2023-11-15,SH00020
OR00661,PR00013,BU00171,SP00092,2023-04-07,SH00073
OR00662,PR00264,BU00169,SP00527,2023-10-07,SH00025
OR00663,PR00555,BU00093,SP00431,2023-06-04,SH00048
OR00664,PR00122,BU00642,SP00592,2023-10-01,SH00018
OR00665,PR00428,BU00128,SP00993,2023-11-26,SH00011
OR00666,PR00870,BU00714,SP00210,2023-05-04,SH00078
OR00667,PR00294,BU00171,SP00399,2023-02-13,SH00060
OR00668,PR00071,BU00628,SP00108,2023-05-03,SH00002
OR00669,PR00661,BU00802,SP00367,2023-12-12,SH00030
OR00670,PR00138,BU00209,SP00425,2023-03-20,SH00044
OR00671,PR00393,BU00732,SP00398,2023-06-26,SH00043
OR00672,PR00397,BU00013,SP00960,2023-07-16,SH00063
OR00673,PR00768,BU00988,SP00178,2023-11-21,SH00008
OR00674,PR00906,BU00013,SP00158,2023-10-31,SH00025
OR00675,PR00323,BU00024,SP00119,2023-06-11,SH00055
OR00676,PR00700,BU00379,SP00085,2023-03-10,SH00076
OR00677,PR00258,BU00410,SP00873,2023-12-06,SH00009
OR00678,PR00902,BU00162,SP00609,2023-01-17,SH00053
OR00679,PR00762,BU00071,SP00055,2023-09-06,SH00050
OR00680,PR00521,BU00114,SP00530,2023-04-04,SH00054
OR00681,PR00995,BU00465,SP00192,2023-10-23,SH00057
OR00682,PR00594,BU00720,SP00470,2023-08-16,SH00043
OR00683,PR00904,BU00789,SP00087,2024-01-15,SH00004
OR00684,PR00561,BU00628,SP00507,2023-04-12,SH00040
OR00685,PR00518,BU00034,SP00195,2023-03-05,SH00057
OR00686,PR00758,BU00101,SP00655,2023-05-16,SH00019
OR00687,PR00905,BU00806,SP00375,2023-10-02,SH00060
OR00688,PR00507,BU00115,SP00122,2023-11-03,SH00030
OR00689,PR00530,BU00393,SP00883,2023-02-22,SH00028
OR00690,PR00208,BU00918,SP00481,2023-08-22,SH00038
OR00691,PR00138,BU00134,SP00774,2023-02-25,SH00006
OR00692,PR00833,BU00991,SP00531,2023-04-17,SH00027
OR00693,PR00583,BU00240,SP00986,2023-03-06,SH00046
OR00694,PR00495,BU00668,SP00110,2023-10-28,SH00028
OR00695,PR00688,BU00456,SP00365,2023-10-07,SH00001
OR00696,PR00907,BU00219,SP00799,2023-06-10,SH00018
OR00697,PR00448,BU00377,SP00240,2023-10-21,SH00058
OR00698,PR00118,BU00164,SP00566,2023-08-13,SH00059
OR00699,PR00930,BU00483,SP00026,2023-11-21,SH00063
OR00700,PR00563,BU00034,SP00505,2023-01-11,SH00039
OR00701,PR00255,BU00639,SP00747,2024-01-03,SH00034
OR00702,PR00013,BU00920,SP00940,2023-04-19,SH00036
OR00703,PR00063,BU00501,SP00441,2023-01-21,SH00006
OR00704,PR00063,BU00215,SP00259,2023-03-16,SH00044
OR00705,PR00272,BU00268,SP00825,2023-05-31,SH00023
OR00706,PR00639,BU00868,SP00529,2023-07-08,SH00077
OR00707,PR00213,BU00987,SP00338,2023-12-28,SH00066
OR00708,PR00030,BU00923,SP00611,2023-05-17,SH00079
OR00709,PR00075,BU00019,SP00082,2023-05-05,SH00026
OR00710,PR00970,BU00660,SP00493,2023-06-12,SH00009
OR00711,PR00096,BU00907,SP00273,2023-05-11,SH00058
OR00712,PR00510,BU00312,SP00515,2023-03-29,SH00042
OR00713,PR00976,BU00952,SP00313,2023-12-08,SH00061
OR00714,PR00124,BU00524,SP00308,2023-02-05,SH00072
OR00715,PR00226,BU00111,SP00742,2023-01-13,SH00061
OR00716,PR00774,BU00554,SP00404,2023-05-24,SH00020
OR00717,PR00781,BU00049,SP00250,2023-12-02,SH00072
OR00718,PR00118,BU00079,SP00681,2023-08-13,SH00038
OR00719,PR00378,BU00059,SP00979,2023-01-30,SH00043
OR00720,PR00887,BU00684,SP00146,2023-09-25,SH00008
OR00721,PR00339,BU00498,SP00069,2023-10-31,SH00029
OR00722,PR00491,BU00797,SP00880,2023-01-21,SH00029
OR00723,PR00327,BU00967,SP00339,2023-03-30,SH00013
OR00724,PR00301,BU00663,SP00655,2024-01-08,SH00057
OR00725,PR00909,BU00722,SP00078,2023-04-04,SH00076
OR00726,PR00119,BU00822,SP00363,2023-07-27,SH00067
OR00727,PR00900,BU00338,SP00800,2023-08-30,SH00018
OR00728,PR00990,BU00357,SP00650,2023-02-02,SH00041
OR00729,PR00043,BU00020,SP00968,2023-09-07,SH00034
OR00730,PR00589,BU00653,SP00431,2023-12-23,SH00049
OR00731,PR00019,BU00767,SP00711,2023-10-31,SH00067
OR00732,PR00685,BU00729,SP00166,2023-04-22,SH00022
OR00733,PR00554,BU01000,SP00542,2023-02-18,SH00063
OR00734,PR00896,BU00821,SP00148,2023-11-08,SH00074
OR00735,PR00731,BU00855,SP00628,2023-06-19,SH00073
OR00736,PR00801,BU00373,SP00691,2023-04-14,SH00045
OR00737,PR00163,BU00778,SP00893,2023-11-10,SH00016
OR00738,PR00106,BU00040,SP00154,2023-06-20,SH00016
OR00739,PR00174,BU00028,SP00724,2023-07-18,SH00004
OR00740,PR00565,BU00686,SP00456,2023-07-07,SH00007
OR00741,PR00556,BU00346,SP00600,2023-11-29,SH00051
OR00742,PR00814,BU00490,SP00090,2023-04-28,SH00054
OR00743,PR00079,BU00099,SP00025,2023-03-31,SH00062
OR00744,PR00633,BU00380,SP00270,2023-06-22,SH00041
OR00745,PR00941,BU00364,SP00600,2023-04-09,SH00013
OR00746,PR00920,BU00813,SP00280,2023-04-17,SH00041
OR00747,PR00638,BU00410,SP00475,2023-06-21,SH00047
OR00748,PR00272,BU00744,SP00486,2023-10-10,SH00017
OR00749,PR00651,BU00077,SP00082,2023-12-23,SH00010
OR00750,PR00255,BU00133,SP00006,2023-05-10,SH00056
OR00751,PR00561,BU00496,SP00599,2023-05-06,SH00037
OR00752,PR00736,BU00061,SP00111,2023-01-19,SH00011
OR00753,PR00994,BU00031,SP00896,2023-10-15,SH00015
OR00754,PR00086,BU00900,SP00167,2023-07-23,SH00031
OR00755,PR00686,BU00307,SP00391,2023-04-22,SH00010
OR00756,PR00074,BU00838,SP00839,2023-10-20,SH00040
OR00757,PR00331,BU00737,SP00702,2023-07-16,SH00061
OR00758,PR00367,BU00662,SP00373,2023-06-09,SH00045
OR00759,PR00775,BU00133,SP00881,2023-11-21,SH00030
OR00760,PR00991,BU00058,SP00785,2023-04-04,SH00052
OR00761,PR00334,BU00469,SP00319,2023-09-28,SH00015
OR00762,PR00873,BU00907,SP00565,2023-07-01,SH00026
OR00763,PR00041,BU00587,SP00723,2023-04-27,SH00010
OR00764,PR00778,BU00505,SP00992,2023-11-09,SH00054
OR00765,PR00446,BU00931,SP00513,2023-05-12,SH00071
OR00766,PR00059,BU00974,SP00042,2023-09-26,SH00057
OR00767,PR00490,BU00157,SP00073,2023-04-09,SH00058
OR00768,PR00543,BU00303,SP00375,2023-11-09,SH00010
OR00769,PR00874,BU00616,SP00761,2023-04-19,SH00028
OR00770,PR00532,BU00664,SP00401,2023-04-30,SH00076
OR00771,PR00392,BU00088,SP00952,2023-06-03,SH00018
OR00772,PR00174,BU00217,SP00620,2023-04-11,SH00028
OR00773,PR00822,BU00309,SP00375,2023-05-26,SH00025
OR00774,PR00533,BU00577,SP00241,2023-10-06,SH00053
OR00775,PR00058,BU00600,SP00293,2023-05-12,SH00076
OR00776,PR00494,BU00927,SP00698,2023-12-11,SH00076
OR00777,PR00282,BU00305,SP00730,2023-11-07,SH00070
OR00778,PR00728,BU00399,SP00672,2024-01-04,SH00068
OR00779,PR00644,BU00764,SP00850,2023-10-05,SH00073
OR00780,PR00070,BU00454,SP00072,2023-08-03,SH00042
OR00781,PR00399,BU00643,SP00243,2023-02-15,SH00070
OR00782,PR00894,BU00324,SP00573,2023-10-23,SH00056
OR00783,PR00859,BU00628,SP00208,2023-09-08,SH00062
OR00784,PR00017,BU00134,SP00389,2023-12-19,SH00027
OR00785,PR00349,BU00814,SP00183,2023-06-03,SH00072
OR00786,PR00793,BU00553,SP00300,2023-02-08,SH00047
OR00787,PR00336,BU00610,SP00208,2023-10-04,SH00077
OR00788,PR00890,BU00060,SP00432,2023-10-09,SH00070
OR00789,PR00675,BU00187,SP00345,2023-12-12,SH00050
OR00790,PR00663,BU00349,SP00005,2023-04-02,SH00022
OR00791,PR00873,BU00480,SP00170,2023-04-01,SH00019
OR00792,PR00506,BU00725,SP00361,2023-12-02,SH00059
OR00793,PR00262,BU00648,SP00131,2023-01-12,SH00012
OR00794,PR00246,BU00422,SP00053,2023-10-26,SH00076
OR00795,PR00949,BU00738,SP00483,2023-12-02,SH00066
OR00796,PR00084,BU00652,SP00837,2023-07-23,SH00067
OR00797,PR00463,BU00762,SP00575,2023-02-10,SH00009
OR00798,PR00222,BU00543,SP00051,2023-12-13,SH00063
OR00799,PR00705,BU00589,SP00243,2023-07-24,SH00025
OR00800,PR00622,BU00167,SP00446,2023-11-21,SH00004
OR00801,PR00415,BU00102,SP00453,2023-03-05,SH00013
OR00802,PR00243,BU00121,SP00866,2023-07-16,SH00038
OR00803,PR00047,BU00230,SP00859,2023-05-26,SH00077
OR00804,PR00844,BU00136,SP00941,2023-08-26,SH00007
OR00805,PR00240,BU00258,SP00648,2023-12-05,SH00017
OR00806,PR00497,BU00183,SP00636,2023-03-20,SH00047
OR00807,PR00657,BU00645,SP00745,2023-08-18,SH00070
OR00808,PR00350,BU00366,SP00234,2023-11-06,SH00053
OR00809,PR00671,BU00436,SP00611,2023-08-21,SH00042
OR00810,PR00886,BU00587,SP00173,2023-08-14,SH00070
OR00811,PR00475,BU00665,SP00490,2023-04-09,SH00002
OR00812,PR00844,BU00605,SP00708,2023-07-04,SH00027
OR00813,PR00600,BU00494,SP00862,2023-10-11,SH00037
OR00814,PR00441,BU00552,SP00356,2023-11-08,SH00012
OR00815,PR00653,BU00606,SP00190,2023-09-08,SH00031
OR00816,PR00430,BU00567,SP00416,2023-11-16,SH00068
OR00817,PR00205,BU00717,SP00205,2023-12-23,SH00016
OR00818,PR00571,BU00587,SP00086,2023-01-05,SH00072
OR00819,PR00053,BU00422,SP00924,2023-05-08,SH00004
OR00820,PR00014,BU00143,SP00930,2023-12-01,SH00019
OR00821,PR00587,BU00627,SP00496,2023-09-04,SH00062
OR00822,PR00099,BU00647,SP00103,2023-05-17,SH00075
OR00823,PR00138,BU00904,SP00753,2023-11-18,SH00018
OR00824,PR00779,BU00032,SP00144,2023-05-15,SH00005
OR00825,PR00323,BU00655,SP00568,2023-10-05,SH00079
OR00826,PR00795,BU00970,SP00529,2023-08-26,SH00063
OR00827,PR00488,BU00170,SP00951,2023-03-27,SH00020
OR00828,PR00571,BU00352,SP00130,2023-10-30,SH00059
OR00829,PR00918,BU00552,SP00204,2023-05-02,SH00071
OR00830,PR00327,BU00330,SP00289,2023-07-22,SH00032
OR00831,PR00239,BU00353,SP00637,2023-10-04,SH00072
OR00832,PR00758,BU00400,SP00207,2023-05-20,SH00006
OR00833,PR00918,BU00994,SP00825,2023-01-17,SH00056
OR00834,PR00097,BU00613,SP00667,2023-05-06,SH00020
OR00835,PR00451,BU00135,SP00396,2023-11-26,SH00011
OR00836,PR00811,BU00601,SP00772,2023-03-24,SH00045
OR00837,PR00380,BU00985,SP00926,2023-10-31,SH00019
OR00838,PR00443,BU00511,SP00134,2023-09-21,SH00077
OR00839,PR00807,BU00521,SP00973,2023-04-23,SH00024
OR00840,PR00411,BU00908,SP00057,2023-07-20,SH00005
OR00841,PR00429,BU00267,SP00132,2023-12-20,SH00042
OR00842,PR00070,BU00805,SP00232,2023-03-14,SH00062
OR00843,PR00032,BU00065,SP00604,2023-05-05,SH00068
OR00844,PR00372,BU00305,SP00920,2023-08-15,SH00025
OR00845,PR00907,BU00168,SP00177,2023-06-26,SH00063
OR00846,PR00383,BU00220,SP00742,2023-04-10,SH00014
OR00847,PR00153,BU00550,SP00137,2023-02-18,SH00059
OR00848,PR00022,BU00863,SP00964,2023-08-22,SH00012
OR00849,PR00480,BU00001,SP00012,2023-07-26,SH00059
OR00850,PR00601,BU00027,SP00591,2023-10-29,SH00054
OR00851,PR00026,BU00989,SP00610,2023-07-25,SH00011
OR00852,PR01000,BU00763,SP00776,2023-06-04,SH00039
OR00853,PR00115,BU00392,SP00736,2023-07-28,SH00011
OR00854,PR00141,BU00656,SP00934,2023-08-30,SH00014
OR00855,PR00563,BU00706,SP00600,2023-12-11,SH00047
OR00856,PR00620,BU00037,SP00843,2023-05-19,SH00068
OR00857,PR00565,BU00668,SP00998,2023-12-04,SH00053
OR00858,PR00785,BU00358,SP00656,2023-11-09,SH00076
OR00859,PR00761,BU00161,SP00270,2023-04-23,SH00017
OR00860,PR00007,BU00336,SP00740,2023-06-09,SH00037
OR00861,PR00307,BU00769,SP00096,2023-03-30,SH00003
OR00862,PR00570,BU00566,SP00072,2023-11-26,SH00026
OR00863,PR00921,BU00130,SP00704,2023-02-21,SH00057
OR00864,PR00287,BU00894,SP00531,2023-01-03,SH00039
OR00865,PR00446,BU00955,SP00009,2023-11-15,SH00052
OR00866,PR00174,BU00979,SP00983,2023-05-23,SH00017
OR00867,PR00421,BU00828,SP00836,2023-07-20,SH00038
OR00868,PR00949,BU00013,SP00913,2023-06-08,SH00004
OR00869,PR00226,BU00964,SP00202,2023-09-30,SH00074
OR00870,PR00812,BU00551,SP00333,2023-10-05,SH00038
OR00871,PR00038,BU00579,SP00980,2023-01-31,SH00071
OR00872,PR00380,BU00805,SP00553,2023-05-30,SH00055
OR00873,PR00137,BU00183,SP00169,2023-07-02,SH00032
OR00874,PR00291,BU00494,SP00656,2023-03-16,SH00002
OR00875,PR00073,BU00676,SP00743,2023-07-30,SH00078
OR00876,PR00242,BU00629,SP00201,2023-07-21,SH00041
OR00877,PR00071,BU00804,SP00318,2023-10-14,SH00017
OR00878,PR00943,BU00148,SP00163,2023-12-27,SH00028
OR00879,PR00493,BU00127,SP00900,2023-08-24,SH00002
OR00880,PR00037,BU00661,SP00665,2023-02-10,SH00023
OR00881,PR00641,BU00916,SP00987,2023-03-05,SH00065
OR00882,PR00592,BU00044,SP00804,2023-07-27,SH00042
OR00883,PR00859,BU00113,SP00601,2023-08-18,SH00057
OR00884,PR00706,BU00288,SP00422,2023-02-20,SH00065
OR00885,PR00544,BU00974,SP00085,2023-10-04,SH00048
OR00886,PR00601,BU00786,SP00884,2023-11-28,SH00004
OR00887,PR00096,BU00106,SP00180,2023-06-18,SH00075
OR00888,PR00573,BU00556,SP00697,2023-04-02,SH00024
OR00889,PR00820,BU00099,SP00113,2023-06-12,SH00028
OR00890,PR00285,BU00439,SP00851,2023-11-01,SH00004
OR00891,PR00045,BU00742,SP00658,2023-04-12,SH00051
OR00892,PR00283,BU00775,SP00095,2023-06-28,SH00045
OR00893,PR00954,BU00237,SP00074,2023-07-23,SH00028
OR00894,PR00676,BU00952,SP00674,2023-11-11,SH00037
OR00895,PR00277,BU00781,SP00021,2023-06-29,SH00059
OR00896,PR00640,BU00428,SP00503,2023-07-25,SH00076
OR00897,PR00040,BU00279,SP00094,2023-07-29,SH00047
OR00898,PR00704,BU00769,SP00846,2023-02-21,SH00013
OR00899,PR00912,BU00669,SP00224,2023-07-04,SH00052
OR00900,PR00412,BU00982,SP00793,2023-12-23,SH00006
OR00901,PR00633,BU00861,SP00421,2023-12-15,SH00030
OR00902,PR00339,BU00188,SP00394,2023-04-24,SH00022
OR00903,PR00009,BU00507,SP00914,2023-10-10,SH00026
OR00904,PR00248,BU00840,SP00025,2023-02-11,SH00062
OR00905,PR00500,BU00728,SP00827,2023-10-19,SH00021
OR00906,PR00144,BU00233,SP00468,2023-07-13,SH00046
OR00907,PR00662,BU00514,SP00826,2023-02-10,SH00074
OR00908,PR00795,BU00635,SP00256,2023-07-20,SH00036
OR00909,PR00209,BU00204,SP00340,2023-03-08,SH00072
OR00910,PR00982,BU00741,SP00985,2023-11-28,SH00066
OR00911,PR00082,BU00379,SP00884,2023-09-07,SH00046
OR00912,PR00028,BU00299,SP00785,2024-01-25,SH00027
OR00913,PR00380,BU00540,SP00660,2023-03-19,SH00013
OR00914,PR00344,BU00150,SP00557,2023-10-26,SH00032
OR00915,PR00827,BU00270,SP00079,2023-10-18,SH00049
OR00916,PR00550,BU00871,SP00632,2023-01-27,SH00039
OR00917,PR00476,BU00649,SP00596,2023-05-03,SH00043
OR00918,PR00850,BU00985,SP00405,2023-06-26,SH00077
OR00919,PR00807,BU00636,SP00314,2023-11-03,SH00075
OR00920,PR00338,BU00779,SP00314,2023-02-14,SH00075
OR00921,PR00195,BU00008,SP00311,2023-06-09,SH00049
OR00922,PR00038,BU00369,SP00264,2023-01-13,SH00001
OR00923,PR00860,BU00367,SP00548,2023-07-23,SH00041
OR00924,PR00993,BU00436,SP00550,2023-04-10,SH00067
OR00925,PR00901,BU00319,SP00244,2023-04-10,SH00031
OR00926,PR00431,BU00950,SP00333,2023-02-26,SH00044
OR00927,PR00499,BU00302,SP00710,2023-01-05,SH00064
OR00928,PR00080,BU00347,SP00327,2023-02-25,SH00051
OR00929,PR00022,BU00855,SP00069,2023-02-07,SH00038
OR00930,PR00258,BU00565,SP00176,2023-02-19,SH00042
OR00931,PR00896,BU00586,SP00082,2023-06-06,SH00027
OR00932,PR00517,BU00536,SP00899,2023-03-25,SH00076
OR00933,PR00034,BU00279,SP00206,2023-09-17,SH00034
OR00934,PR00898,BU00554,SP00109,2023-03-22,SH00047
OR00935,PR00302,BU00840,SP00051,2023-09-15,SH00059
OR00936,PR00338,BU00074,SP00656,2024-01-05,SH00021
OR00937,PR00466,BU00138,SP00952,2023-04-20,SH00057
OR00938,PR00302,BU00130,SP00003,2023-02-06,SH00032
OR00939,PR00856,BU00700,SP00398,2023-12-14,SH00052
OR00940,PR00331,BU00645,SP00494,2023-08-22,SH00036
OR00941,PR00329,BU00152,SP00503,2023-08-25,SH00012
OR00942,PR00155,BU00400,SP00636,2023-03-09,SH00059
OR00943,PR00200,BU00807,SP00599,2023-05-03,SH00040
OR00944,PR00212,BU00614,SP00251,2023-12-01,SH00012
OR00945,PR00538,BU00879,SP00777,2023-08-19,SH00010
OR00946,PR00555,BU00640,SP00685,2023-03-03,SH00070
OR00947,PR00382,BU00963,SP00897,2023-07-14,SH00063
OR00948,PR00032,BU00785,SP00034,2024-01-01,SH00003
OR00949,PR00164,BU00349,SP00202,2023-09-17,SH00046
OR00950,PR00286,BU00219,SP00210,2023-04-04,SH00073
OR00951,PR00294,BU00779,SP00294,2023-04-21,SH00022
OR00952,PR00436,BU00134,SP00755,2023-02-05,SH00011
OR00953,PR00816,BU00753,SP00319,2023-01-09,SH00066
OR00954,PR00585,BU00115,SP00007,2023-11-30,SH00023
OR00955,PR00287,BU00834,SP00980,2023-06-26,SH00079
OR00956,PR00255,BU00077,SP00006,2023-08-07,SH00023
OR00957,PR00062,BU00357,SP00402,2023-05-19,SH00054
OR00958,PR00458,BU00319,SP00513,2023-03-19,SH00022
OR00959,PR00669,BU00028,SP00114,2023-02-23,SH00065
OR00960,PR00678,BU00495,SP00470,2023-07-28,SH00049
OR00961,PR00547,BU00392,SP00011,2023-07-22,SH00031
OR00962,PR00178,BU00554,SP00078,2023-08-01,SH00016
OR00963,PR00493,BU00562,SP00365,2023-07-25,SH00061
OR00964,PR00882,BU00588,SP00455,2023-08-14,SH00062
OR00965,PR00399,BU00763,SP00822,2023-05-19,SH00063
OR00966,PR00589,BU00629,SP00225,2023-12-16,SH00046
OR00967,PR00448,BU00731,SP00034,2023-05-25,SH00020
OR00968,PR00601,BU00837,SP00722,2023-09-21,SH00072
OR00969,PR00582,BU00123,SP00871,2023-09-06,SH00067
OR00970,PR00264,BU00454,SP00267,2023-08-09,SH00017
OR00971,PR00650,BU00507,SP00154,2023-05-25,SH00027
OR00972,PR00556,BU00769,SP00776,2023-09-17,SH00015
OR00973,PR00096,BU00971,SP00804,2023-05-27,SH00018
OR00974,PR00311,BU00191,SP00994,2023-10-07,SH00068
OR00975,PR00851,BU00695,SP00454,2023-02-11,SH00053
OR00976,PR00074,BU01000,SP00924,2023-12-08,SH00032
OR00977,PR00284,BU00209,SP00607,2023-04-29,SH00003
OR00978,PR00885,BU00295,SP00445,2023-01-12,SH00060
OR00979,PR00907,BU00336,SP00661,2023-11-18,SH00032
OR00980,PR00489,BU00008,SP00934,2023-05-14,SH00054
OR00981,PR00096,BU00793,SP00806,2023-10-11,SH00051
OR00982,PR00046,BU00195,SP00724,2023-04-12,SH00052
OR00983,PR00347,BU00861,SP00237,2023-08-05,SH00077
OR00984,PR00131,BU00414,SP00875,2023-01-28,SH00075
OR00985,PR00810,BU00902,SP00069,2023-04-12,SH00071
OR00986,PR00634,BU00217,SP00628,2023-07-15,SH00011
OR00987,PR00534,BU00465,SP00244,2023-03-01,SH00059
OR00988,PR00790,BU00100,SP00778,2023-07-29,SH00020
OR00989,PR00612,BU00361,SP00694,2023-05-26,SH00076
OR00990,PR00246,BU00910,SP00415,2023-08-16,SH00040
OR00991,PR00234,BU00086,SP00723,2023-10-12,SH00031
OR00992,PR00550,BU00393,SP00068,2023-08-23,SH00032
OR00993,PR00407,BU00882,SP00523,2023-12-11,SH00042
OR00994,PR00264,BU00347,SP00376,2023-11-19,SH00065
OR00995,PR00350,BU00367,SP00664,2023-04-14,SH00031
OR00996,PR00817,BU00643,SP00357,2023-03-14,SH00024
OR00997,PR00442,BU00049,SP00399,2023-11-30,SH00068
OR00998,PR00081,BU00095,SP00015,2023-09-01,SH00033
OR00999,PR00222,BU00967,SP00357,2023-09-12,SH00068
OR01000,PR00156,BU00972,SP00050,2023-09-14,SH00059